TopicName MS,ID Topic MS,main_keywords
SonKim Land Corporate MS,5ff52f9c3cb8f0afa747233b,"sonkim land corporate, sonkimlandcorporate,bất động sản Son Kim, BDS Son Kim, Son Kim Land, bất động sản SonKim, #SonKimLand, BDS SonKim, Andy Han, Mr.Andy Han Suk Jung, Ông Han Suk Jung, Andy Han Suk Jung, Giám đốc điều hành SonKim Land, Tuấn Sơn Kim, CEO Nguyễn Hoàng Tuấn, người sáng lập Sơn Kim Land, The Berkley, Blue Ocean Resort - Phan Thiet, Indochine Park Tower, Office Complex A, Office Complex B, Empress Tower, Sentinel Place, Sơn kim Land Projects, The Metropole Thu Thiem, The Opera Residence, The Crest Residence, The Galleria Residence, Serenity Sky Villas, The Nassim, Gateway Thao Dien, The 9 Stellars, Sơn Kim Land"
The Metropole Thủ Thiêm MS,5ff52fc83cb8f0afa747235d,"the metropole thủ thiêm, themetropolethuthiem,dự án Metropole, metropole thủ thiêm, căn hộ metropole"
Indochine Park Tower MS,5ff529ba3cb8f0afa7471b49,"Indochine Park Tower, IndochineParktower"
Office Complex A MS,5ff529ee3cb8f0afa7471c0e,"Complex A, ComplexA"
Office Complex B MS,5ff52a0e3cb8f0afa7471c36,"Complex B, ComplexB"
Empress Tower MS,5ff52a333cb8f0afa7471d14,Empress Tower
Sentinel Place MS,5ff52a573cb8f0afa7471d49,Sentinel Place
The Opera Residence MS,5ff533cf3cb8f0afa74729a7,"the opera residence, theoperaresidence,The Opera Residence, dự án Opera Residence, căn hộ Opera Residence, Opera Residence Thủ Thiêm, Opera Residence Quận 2, Metropole giai đoạn 3"
The Crest Residence MS,5ff533fb3cb8f0afa74729e8,"the crest residence, thecrestresidence,dự án Crest Residence, căn hộ Crest Residence, tháp Crest Residence, Crest Residence quận 2, metropole giai đoạn 2"
The Galleria Residence MS,5ff534273cb8f0afa7472a01,"the galleria residence, thegalleriaresidence,dự án Galleria Residence, căn hộ Galleria Residence, tháp Galleria Residence, Galleria Residence Thủ Thiêm, Galleria Residence quận 2, metropole giai đoạn 1"
Serenity Sky Villas MS,5ff534673cb8f0afa7472a13,"serenity sky villas, serenityskyvillas,biệt thự trên không Serenity, chung cư Serenity Sky, Serenity quận 3, căn hộ Serenity Sky, dự án Serenity Sky"
The Nassim MS,5ff534983cb8f0afa7472a6f,"the nassim, thenassim,The Nassim Thảo Điền, The Nassim quận 2, Nassim Thảo Điền, Nassim Sơn Kim,"
Gateway Thảo Điền MS,5ff534bc3cb8f0afa7472a85,"gateway thảo điền, gatewaythaođien,dự án Hamon Developments và Sonkim Land, Gateway quận 2"
The Berkley MS,5ff529553cb8f0afa7471704,The Berkley
The 9 Stellars MS,60063f39db2e8a3da42912df,"the 9 stellars, the9stellars,The Nine Stellars, 9 Stellars"
An Gia MS,600158fb8a56c85e6be02a81,"An Gia, AGG"
CBRE MS,6001591d8a56c85e6be02a8f,CBRE
Dat Xanh MS,600159808a56c85e6be02b09,"đất xanh, dxg, datxanh,datxanhgroup"
Ecopark MS,600159c58a56c85e6be02b29,ecopark
Hung Thinh MS,60015a6f8a56c85e6be02b91,"hưng thịnh land, hungthinhland, hung thinh land"
Nam Long MS,60015b118a56c85e6be02bec,"namlong, nam long, namlonggroup"
Novaland MS,60015bc58a56c85e6be02c88,"nova,novaland,nvl"
Phu My Hung MS,6001637e8a56c85e6be0312e,"phú mỹ hưng, phumyhung"
Savills MS,600165e58a56c85e6be03626,Savills
Sun Group MS,600166638a56c85e6be036c5,"Sungroup, sun group"
Vinhomes MS,600168fb8a56c85e6be03841,"Vinhomes, vinhome"
CapitaLand MS,6001695e8a56c85e6be038be,"capitaland, CapitaLandDevelopment,CapitaLandDevelopmentVietnam,CapitaDNA,CapitalandDNA,CapitaLandHopeFoundation, Cappitaland,CVH MÙA XUÂN,tnhh cảnh sông,trách nhiệm hữu hạn cảnh sông,TƯ VẤN BẤT ĐỘNG SẢN CPM,tư vấn bđs CPM,KINH DOANH BẤT ĐỘNG SẢN VIỆT HƯNG PHÚ,CL-Ha Noi,clhanoi,CL-Thanh Nien,CLThanh Nien,CL-Thien Duc,CLThien Duc,CL-Vista,CLVista,CVH Spring,CVHSpring,Viet Hung Phu,VietHungPhu,CL Việt Nam,CLViệtNam,DOAN NGUYEN HOUSE,DOANNGUYENHOUSE,HOANG THANH INVESTMENT,HOANGTHANHINVESTMENT,EnrichingLives,UpliftingCommunities,LifeBeyondCompare,dEdgeThaoDien,#dEdgeCapitaland,#FelizenvistaCapitaland,#KrisVueCapitaland,#TheKristaCapitaland,#PARCSpringCapitaland,#TheVistaCapitaland,#VistaVerdeCapitaland,#MulberryLaneCapitaland,lumi,Fullton"
Keppel Land MS,60016c7a8a56c85e6be039c6,"keppel, kepeel"
HongKong Land MS,60016ce48a56c85e6be039e2,"HongKong,HongKongLand"
Colliers MS,60016d0a8a56c85e6be039fa,Colliers
Cushman & Wakefield MS,60016da78a56c85e6be03a1f,Cushman & Wakefield
Flamigo Group MS,60016fd28a56c85e6be040e8,Flamigo
Khang Dien MS,600170528a56c85e6be04176,"khang điền, khangdien"
Phu Long MS,600173be8a56c85e6be045d0,"bds phú long, phú long, phulong"
JLL MS,6001789335e8e1b3b21174f2,jll
Real Estate Industry MS,5ff52a803cb8f0afa7471d68,"bất động sản, BĐS"
Infrastructure MS,60063f93db2e8a3da429131a,"cao tốc, vành đai"
Sovico MS,63e0a64ea82e891e04600ef9,Sovico
HDBank MS,63ec4b14f25ec30eba7b9e5b,HDBank
HD SAISON - Điểm tin MS,63eca8e5f25ec30eba7b9e5f,"hdsaison, hd saison, hdfinance, hd finance"
HD Securities MS,64315849211afd692899e715,"HD Securities,hdSecurities,chungkhoanHD"
ABBANK MS,63eab2ef8da4ef110ae02254,ABBANK
ACB MS,628de2e88aecfa7ef453a494,"ACB,acbbank"
Agribank MS,628de0388aecfa7ef453a491,"agribank, Ngân hàng Nông nghiệp và Phát triển Nông thôn Việt Nam, agri bank, ngân hàng nông nghiệp và phát triển nông thôn, ngân hàng nông nghiệp"
ANZ MS,63eaf4bfd283252e9cdf1647,ANZ
BAC A BANK MS,63eaf5c8d283252e9cdf1648,BAC A BANK
BAOVIET BANK MS,63eaf6a8d283252e9cdf1649,BAOVIET BANK
BIDV MS,628de2248aecfa7ef453a492,"bidv, ngân hàng Đầu tư và Phát triển Việt Nam, Ngân hàng TMCP Đầu tư và Phát triển Việt Nam, Ngân hàng TMCP đầu tư phát triển, 
 bảo hiểm BIC"
CBBANK MS,63eaf788d283252e9cdf164b,CBBANK
CITIBANK MS,63eaf7b0d283252e9cdf164c,CITIBANK
DONGA BANK MS,63eaf81cd283252e9cdf164d,DONGA BANK
EXIMBANK MS,63eaf93fd283252e9cdf164e,EXIMBANK
GP BANK MS,63eaf95fd283252e9cdf164f,GP BANK
HDBank MS,63ec4b14f25ec30eba7b9e5b,HDBank
HONGLEONG BANK MS,63eaf98ed283252e9cdf1650,HONGLEONG BANK
HSBC MS,63eafa13d283252e9cdf1651,HSBC
INDOVINA BANK MS,63eafa3bd283252e9cdf1652,INDOVINA BANK
KIENLONG BANK MS,63eafa80d283252e9cdf1653,KIENLONG BANK
KOOKMIN BANK MS,63eafaa1d283252e9cdf1654,KOOKMIN BANK
LPBank MS,63eafac4d283252e9cdf1655,LPBANK
MB Bank MS,628dda548aecfa7ef453a48d,"MBBank, mb bank"
MSB - HD MS,63eafb1bd283252e9cdf1657,msb
NAM A BANK MS,63eafb59d283252e9cdf1658,NAM A BANK
NCB MS,63eafb7dd283252e9cdf1659,NCB
OCB MS,63eafb9ad283252e9cdf165a,ocb
OCEANBANK MS,63eafbcad283252e9cdf165b,OCEANBANK
PGBANK MS,63eafbe8d283252e9cdf165c,PGBANK
PVCOMBANK MS,63eafc0fd283252e9cdf165d,PVCOMBANK
Sacombank MS,628de3c78aecfa7ef453a495,sacombank
SAIGONBANK MS,63eafc91d283252e9cdf165f,SAIGONBANK
SCB MS,63eafcecd283252e9cdf1660,SCB
SEABANK MS,63eafd23d283252e9cdf1661,SEABANK
SHB - HD MS,63eafd4dd283252e9cdf1662,shb
SHINHAN BANK MS,63eafdb2d283252e9cdf1663,SHINHAN BANK
STANDARD CHARTERED MS,63eafdd6d283252e9cdf1664,STANDARD CHARTERED
Techcombank MS,628c661a8aecfa7ef453a484,Techcombank
TPBank MS,628ddae08aecfa7ef453a48e,"TPBank, TP bank"
UOB MS,63eafe50d283252e9cdf1667,uob
VIB MS,628c64098aecfa7ef453a482,vib
VIET A BANK MS,63eafe9dd283252e9cdf1669,VIET A BANK
VIET CAPITAL BANK MS,63eafeb1d283252e9cdf166a,VIET CAPITAL BANK
VIETBANK MS,63eaffe1d283252e9cdf166f,VIETBANK
Vietcombank MS,628ddfd78aecfa7ef453a490,"vietcombank, vcb, vietcom, vcbs, VCBdigibank, vietcomdigibank"
Vietinbank MS,628de2ab8aecfa7ef453a493,"viettin, viettinbank, CTG, vietinbank, Viettinbank"
VPBank MS,628dd8ae8aecfa7ef453a48c,VPBank
WOORI BANK MS,63eaff4bd283252e9cdf166e,WOORI BANK
VIB MS,628c64098aecfa7ef453a482,vib
Techcombank MS,628c661a8aecfa7ef453a484,Techcombank
VPBank MS,628dd8ae8aecfa7ef453a48c,VPBank
MB Bank MS,628dda548aecfa7ef453a48d,"MBBank, mb bank"
TPBank MS,628ddae08aecfa7ef453a48e,"TPBank, TP bank"
Vietcombank MS,628ddfd78aecfa7ef453a490,"vietcombank, vcb, vietcom, vcbs, VCBdigibank, vietcomdigibank"
ACB MS,628de2e88aecfa7ef453a494,"ACB,acbbank"
Sacombank MS,628de3c78aecfa7ef453a495,sacombank
HDBank MS,63ec4b14f25ec30eba7b9e5b,HDBank
MSB - HD MS,63eafb1bd283252e9cdf1657,msb
Central Retail MS,5f5834dcde8922153b21825b,"central retail, centralretail"
BigC MS,5f5833f2de8922153b218218,"bigc,Big C, BigC, Bic C, Bích si/ci, bigcvietnam, bigcvn"
Go! Việt Nam MS,5f5ed24567e18a780f3850c8,"go! việt nam, go!vietnam"
Tops Market MS,6041f582014a66c043607a9b,"tops market, topsmarket,Tops market, Top market, Topmarket, Topsmarket, Top mat ket, Top mac ket, Top matket, Top macket, Top mackit, Tốp mắc kít"
Nguyễn Kim MS,5f5ed36367e18a780f3851fa,"nguyễn kim, nguyenkim,nguyenkim.com, sieuthinguyenkim, nguyenkimsupermarket, nguyenkimsupercenter, trungtamnguyenkim, ttmsnk"
Lan Chi Mart MS,5f58341ede8922153b21822d,"lan chi mart, lanchimart,Lan Chi mart, Lanchi mart, Lan chi, LanChi, lanchii, lanchiimart"
Aeon Mall MS,5f5edb6967e18a780f3869f1,"aeonmall, aeon mall"
Vinmart MS,5f5ede4767e18a780f38721d,"wcm, vinmart, winmart, siêu thị vin, siêu thị win,, Wincommerce, Wincomerce, vincommerce, vincommerce"
Vincom MS,69a0f82f70a3126a82dc58e5,vincom
Mega Market MS,5f5edf1f67e18a780f387692,mega
Bách hóa xanh MS,5f5edf4167e18a780f3877d5,"bhx, bách hóa xanh, bachhoaxanh"
LotteMart MS,6041f45c014a66c0436079d3,LotteMart
Saigon Co.op MS,63e5b2730259953747c26170,"saigonco.op,Saigon Co.op"
CoopMart MS,60b0b22578e46d029a0a521c,"coop, co.op, coopmart, co.opmart,SaiGonCo.op, SaiGonCoop"
Điện máy xanh MS,5f5edf6267e18a780f3877f7,"điện máy xanh, dienmayxanh"
Điện máy Chợ Lớn MS,5f5edf8867e18a780f38781b,"điện máy chợ lớn, dienmaycholon"
Thế Giới Di Động MS,6041f53e014a66c043607a7c,"thegioididong, thế giới di động"
Media Mart MS,6041f4f9014a66c043607a2a,"media mart, mediamart"
Tiktok Shop MS,63bbb7c603c39417860b288c,"tiktokshop, tiktok shop"
Shopee MS,5f7e79e2af2a5848af451d4f,shopee
Lazada MS,5f7e79fdaf2a5848af451d63,Lazada
Masan MS,619c6c0951f48b67f2eaca70,Masan
Wincommerce MS,619c6ab551f48b67f2eaca6f,"wcm, vinmart, winmart, siêu thị vin, siêu thị win,, Wincommerce, Wincomerce, vincommerce, vincommerce"
Vietnam Retail MS,5f5edff167e18a780f3878a3,"ngành bán lẻ, bán lẻ, thị phần bán lẻ, thị trường bán lẻ"
World Retail MS,5f5ee2d867e18a780f388655,"bán lẻ thế giới, ngành công thương, bộ công thương"
E-commerce MS,5f5ee80767e18a780f388f5d,thương mại điện tử
SCG MS,60387ef13668365a4eb12239,"scg,SCG,SCG_Smartboard,Siam Cement Group,SCGP,SCG Packaging,Công ty TNHH Liên doanh Việt - Thai Plastchem,Công ty TNHH Nhựa & hoá chất TPC Vina,Công ty TNHH Chemtech,Văn phòng đại diện Thai Plastic và Chemicals PLC tại TP.HCM,VPĐD Thai Plastic và Chemicals PLC tại TP.HCM,Công ty TNHH Hoá dầu Long Sơn,Công ty TNHH Giấy Kraft Vina,Công ty TNHH Công nghiệp Tân Á,Công ty TNHH Bao bì AP,Công ty TNHH sản xuât bao bì Packamex,Văn phòng đại diện bao bì SCG tại TPHCM,Công ty cổ phần bao bì Tín Thành,Công ty TNHH Vật liệu xây dựng xi măng SCG Việt Nam,Công ty TNHH Vật liệu xây dựng Việt Nam,Công ty cổ phần Prime Group,Công ty TNHH ngói bê tông SCG Việt Nam,Công ty cổ phần Đầu tư và công nghiệp Bửu Long,Công ty TNHH Cốt liệu & Bê tông,Công ty TNHH SCG Trading Việt Nam,Văn phòng đại diện SCG Trading Co., Ltd tại TPHCM,Starprint Vietnam,SCGJWD,Tập đoàn Xi măng Siam,Tập đoàn Siam Cement,Siam Cement Group"
,,
,,
,,
,,
Shopee MS,5f7e79e2af2a5848af451d4f,shopee
Lazada MS,5f7e79fdaf2a5848af451d63,Lazada
Tiktok Shop MS,63bbb7c603c39417860b288c,"tiktokshop, tiktok shop"
ShopeePay MS,5f15191bf8a4a9cfc4cd8bf4,"shopeepay, shopee pay, ví shopee pay, thanh toán shopeepay, vishopeepay, thanhtoanshopeepay, seasy, spaylater,Spayllater, spaylatter, spaylatervn, Shope pay later, thanh toán spl, Shopee mua trước trả sau, ví trả sau shopee, SPPlater, SPLater, sp ví trả sau, VTS sàn cam, VTS Shopee, SPPlayer, spayatter, shopee later, shoppelater, shoppe later, SPayLaterMuaTruocTraSau, shopepay, shoppepay, shoppay, shoppe pay, shopee-pay, seasyshopee, vay Seasy, vay tiêu dùng Seasy, vay tiền Seasy, vay nhanh Seasy, trả góp Seasy, vay qua Shopee, vay online shopee, vay tiêu dùng shopee, vay sàn cam, sộp pe pay, sộp pi pay, sọp pi pay, sộp pi pây, sô pi pay, sô pi pây, sộp pây, sọp pây, xốp pi pay, xốp pi pây, sopipay, soppi, sopipayvn, soppay, soppipay, sopipay, soppi pay, soppepay, shopi pay, shopipay, vay vốn shopee, hạn mức spaylater, hạn mức ví trả sau sp, hạn thanh toán spaylater, hủy spaylater, kích hoạt spaylater, ngày thanh toán spaylater, phí định kì spaylater, phí năm spaylater, shopeepay ví trả sau, sử dụng spaylater, thanh toán sp, trả góp spaylater, datshopeefoodthanhtoanshopeepay, airpay, airpayvietnam, airpayvn, ari pay, aripay, chéo spp, chuyển tiền spp, moshpeedungshopeepay, shopeepayvietnam, shopeepayvn, shopeepaylater, soppi pay, soppipay, sopipay, spl, SPP Later, SPPL, uudaiShopeePay, ví shopee, Shopee, shoppe, shope"
Momo MS,5f15534df8a4a9cfc4cddd77,Momo
ZaloPay MS,5f155379f8a4a9cfc4cddd94,"Zalopay, zalo pay, zlp"
Tiktok Pay MS,699fff8d70a3126a82dc58b9,"tiktokpay, tiktok pay, tiktokpaylater, tiktok paylater, tiktok pay later, tiktoklater"
,,"Ví điện tử, Digital Wallet, Mobile money, Thanh toán điện tử, Thanh toán trực tuyến, Thanh toán không dùng tiền mặt, E-wallet"
ShopeeFood MS,5f83da56af2a5848af47691a,"shopeefood, shopee food, shopee food delivery, shopeefood vn, shopeefooddelivery, shopeefoodvn,spf, shoppefood, sộp pi phút, sọp pe phút, sộp pe food, shoppeefut, xốp pi food"
GrabFood MS,5f83dac6af2a5848af476b19,GrabFood
BeFood MS,620b7491a1caf876d9910d91,"befood, be food"
Xanh SM Ngon MS,682d694564598918c0f46ef1,"xanhsm, xanh ngon, xanh sm, xanhsmngon,xanhngon"
Meituan,699e82784ee9450928d2bcb2,Meituan
CC1 MS,699fcd2770a3126a82dc587b,"Tổng Công ty Xây dựng số 1 - CTCP, CC1, Tổng Công ty Xây dựng số 1, Công ty xây dựng CC1, CC1 Construction, CC1 Việt Nam, CC1 Corp, Cty CC1"
,,
Công ty TNHH Hoa Hướng Dương Sài Gòn (Saigon Sunflower) MS,69c2150e497c643c8627c981,Công ty TNHH Hoa Hướng Dương Sài Gòn
FPT Polytechnic MS,682df2df64598918c0f46f11,"fpt polytechnic, fptpolytechnic,fpoly, cao đẳng polytechnic"
,,
,,
Vinamilk,,"vinamilk, vnm, sữa Vinamilk"
FCV,,"Friesland Campina, friso, fristi, dutch lady, cô gái hà lan, FrieslandCampina, sữa"
Nestlé,,"nestlé, milo, Nan, nestle, sữa"
Abbott,,"abbott, ensure, similac, sữa"
IDP,,"sữa quốc tế, idp, lof, kun, sữa"
Vinasoy,,"fami, veyo, ctcp đường quảng ngãi, vinasoy, sữa đậu nành Fami"
TH True Milk,,"TH True, tập đoàn TH, TH Group, TH school, sữa"
Fonterra,,"fonterra, anlene, sữa Anlene"
Nutifood,,"nutifood, growplus, varna, Värna, nuvi, sữa GrowPLUS+"
Mead Johnson,,"Mead, enfa, sữa Enfa"
Hipp,,"bột ăn dặm Hipp, sữa Hipp"
Vitadairy,,"ColosBaby, vitadairy, sữa ColosBaby"
Đà Lạt Milk,,"dalatmilk, đà lạt (sữa tươi), sữa tươi Đà Lạt Milk"
Ngành sữa,,"chỉ lấy các tin liên quan đến sữa (sữa thực phẩm), các tin liên quan đến sữa rửa mặt, sữa mẹ,.... thì không lấy"
TTC Group MS,641d193a211afd692899e61b,"Tập đoàn Thành Thành Công, Thanh Thanh Cong Group, TTC Group, TTC Nâng bước thành công, Đầu tư Thành Thành Công, Công ty Đầu tư Thành Thành Công, tập đoàn TTC, TTC , CTCP Đầu tư Thành Thành Công, Thành Thành Công, thanh thanh cong TTC, Đặng Văn Thành TTC, Đặng Văn Thành, Doanh nhân Đặng Văn Thành, Cựu chủ tịch sacombank, ông Đặng Văn Thành, Chủ tịch Đặng Văn Thành, Huỳnh Bích Ngọc, Nữ doanh nhân Huỳnh Bích Ngọc, huynh bich ngoc, Hồ Thị Phương Thảo TTC, Đặng Quang Anh Golf, Đặng Minh Anh Golf, Đặng Hồng Anh Chủ tịch Hội doanh nhân trẻ Việt Nam, Đặng Hồng Anh, Chủ tịch Hội doanh nhân trẻ Việt Nam, dang hong anh, doanh nhân Đặng Hồng Anh, Chủ tịch Đặng Hồng Anh, DHA Đặng Hồng Anh, Đặng Hồng Anh DHA, Con trai Đặng Văn Thành, Đặng Huỳnh Anh Tuấn, Đặng Huỳnh Anh Tuấn TTC, Đặng Huỳnh Anh Tuấn TTCE, Vua mía đường, nữ hoàng mía đường, công chúa mía đường, Đế chế Thành Thành Công', Đế chế TTC, vua mật rỉ"
TTC Agris MS,641c428b211afd692899e610,"Công ty đường Biên Hòa, Công ty Cổ phần Đường Biên Hòa, Công ty cổ phần Thành Thành Công - Biên Hòa, Agris, TTC Sugar, Duong Bien Hoa, Mía đường Thành Thành Công Biên Hòa, Công ty CP Đường Biên Hòa, đường Biên Hòa, cổ phiếu SBT Sugar, TTC Biên Hòa, TTC Bien Hoa, Cổ phiếu SBT, Mía đường Thành Thành Công, Thành Thành Công - Biên Hòa, Thành Thành Công Biên Hoà, Cổ phiếu mía đường, Cổ phiếu đường, Nhà máy đường Biên Hòa, Nhà máy mía đường Biên Hòa, cổ phiếu SBT, khuyến nghị SBT, Công ty cổ phần Hàng Tiêu Dùng Biên Hòa, Bien Hoa Consumer Joint Stock, Nước cốt dừa mom cooks, Nước cốt dừa TTC, TTC AgriS, Hose: SBT, SBT, https://ttcagris.com.vn, https://www.ttcsugar.com.vn/, Nguyễn Thanh Ngữ, Nguyễn Thanh Ngữ mía đường, Tổng giám đốc Nguyễn Thanh Ngữ, Công ty cổ phần mía đường Thành Thành Công Tây Ninh, Mía đường Thành Thành công Tây Ninh, Mía đường Tây Ninh, Nông trường Thành Long, Nông trường Tân Hưng, Nông Trường Biên Hòa - Thành Long, Nông trường mía tân hưng, Bien Hoa - Ninh Hoa Sugar JSC, BHS Ninh Hòa, Công ty TNHH MTV Đường Biên Hòa - Ninh Hòa, nha may duong ninh hoa, Nhà máy đường Biên Hòa - Ninh Hòa, Bien Hoa - Phan Rang Sugar JSC, Công ty Cổ phần Đường Biên Hòa Phan Rang, Công ty Đường Biên Hòa Phan Rang, nha may duong phan rang, nhà máy đường biên hòa phan rang,
Thanh Thanh Cong Gia Lai Limited Company, Công ty TNHH MTV Thành Thành Công Gia Lai, Nhà máy đường ayun pa gia lai, Thành Thành Công Gia Lai' TTC Attapeu, Nông trường Svayrieng Campuchia, Nhà máy sản xuất phân hữu cơ vi sinh TTC, Công ty Cổ phần Phát triển Nông nghiệp Thành Thành Công Chi nhánh Gia Lai, Công ty Cổ phần Phát triển Nông nghiệp Thành Thành Công, đường organic TTC, đường hữu cơ TTC, mía đường Thành thành công, đường sạch Biên Hòa, đường cô ba, duong sach Bien Hoa, sản phẩm mía đường TTC, đường lỏng TTC, đường đen TTC, Đường phèn TTC, đường mía TTC, đường tinh luyện TTC, Sứ mệnh tinh khiết vì thế hệ tinh khiết, nước mía không ngọt Miaqua, Miaqua, Nước miaqua, nước mía không ngọt miaqua, nước hương mía miaqua, miaqua, nước chiết xuất từ cây mía, Nước mía MIAHA, Nước mía đóng lon TTC, Đại hội đồng cổ đông TTC AgriS, Đại hội đồng cổ đông AgriS, Đại hội đồng cổ đông SBT, Chủ tịch Đặng Huỳnh Ức My, Chủ tịch HĐQT Đặng Huỳnh Ức My, Chủ tịch AgriS Đặng Huỳnh Ức My, chủ tịch HĐQT SBT, dang huynh uc my, Doanh nhân Đặng Huỳnh Ức My,  Đặng Huỳnh Ức My, Thái Văn Chuyện, Thái Văn Chuyện mía đường, Tổng giám đốc Thái Văn Chuyện"
GEC MS,641cdf3e211afd692899e612,"Gia Lai Electricity Joint Stock Company, Gia Lai Electricity, GEC, Công ty Điện Gia Lai | cổ phiếu, cổ phiếu GEG, GEG, Dự án điện năng lượng mặt trời, năng lượng mặt trời TTC, Thủy điện Gia Lai, Công ty Cổ phần Thủy Điện Gia Lai, GHC, Thủy điện H'Mun, Thủy điện H'Chan, Thủy điện, Thủy điện Đa Khai, Thủy điện Đắk PiHao, Thủy điện Đắk PiHao, Thủy điện Ia Đrăng, Thủy điện Ia Meur, Thủy điện Ia Puch, Thủy điện Ayun Thượng, Thuong Lo Hydropower, thủy điện Thượng Lộ, Thuong Lo Hydroelectricity, Thủy điện Trường Phú, nhà máy điện mặt trời TTC, Nhà máy Điện Mặt trời,  Nhà máy Điện Mặt trời Trúc Sơn, Nhà máy Điện Mặt trời Đức Huệ 1, Nhà máy Điện mặt trời TTC Hàm Phú 2, Nhà máy Điện mặt trời TTC Phong Điền, Nhà máy Điện mặt trời TTC Krông Pa, Nguyễn Thái Hà Tổng giám đốc GEC, Nguyễn Thái Hà GEC, Tân Xuân Hiến GEC, Tân Xuân Hiến GEG, Đại hội đồng cổ đông GEC, Đại hội đồng cổ đông GEG,Thuỷ điện Ea Tih, Tín chỉ Carbon GEC, Gold Standard GEC, IREC GEC, Chứng chỉ năng lượng tái tạo quốc tế GEC, Chứng chỉ năng lượng tái tạo GEC, REC-TIGR GEC, Nhà máy điện TTC, Nhà máy điện Thành Thành Công, Nhà máy Điện Gió Ia Bang 1, Nhà máy Điện Gió Tân Phú Đông 2, Nhà máy Điện Gió V.P.L 1, Nhà máy Điện Gió VPL, Nhà máy Điện Gió Tân Phú Đông 1, Điện gió Thành Thành Công, Điện gió TTC, Dự án năng lượng TTC, Năng lượng Thành Thành Công, Công ty Cổ phần Thủy điện Trường Phú, Thủy điện Trường Phú, Điện rác GEC, WtE, EfW, Điện sinh khối GEC, Điện khí GEC, LNG GEC,"
TTC LAND MS,641cfcdc211afd692899e614,"TTC Land, Sacomreal,  Địa ốc Sài Gòn Thương Tín, TTC Land - S, TTC Land Service, Sàn kinh doanh TTC Land - S, TTC Land - M, TTC Land Management, Công ty TNHH Dịch vụ Quản lý Bất động sản Sài Gòn Thương Tín, Công ty TNHH MTV KD DV Địa ốc Sài Gòn Thương Tín,
Huỳnh Bích Ngọc TTC Land, Đặng Hồng Anh TTC Land, Nguyễn Thành Chương TTC Land, Võ Thanh Lâm TTC Land, Võ Quốc Khánh TTC Land, Đinh Thị Ngọc Trang TTC Land, Nguyễn Thị Nghi TTC Land,
Sacomreal - S, Sàn giao dịch chứng khoán Sacomreal, Địa ốc Sài Gòn Thương Tín, Sacomreal Service, SCR, cổ phiếu SCR, Jamona, Carillon, Charmington, Jamona City, Jamona Home Resort, Jamona Heights, Jamona Golden Silk, Panomax River Villa, Charmington Iris, Charmington La Pointe, dự án bất động sản TTC Land, Belleza, TTC Plaza, TTC Plaza Đức Trọng, TTC Plaza Bình Thạnh, TTC Plaza Đà Nẵng, Charmington Dragonic, Charmington Tân Sơn Nhất, Selavia TTC Land, Selashine TTC Land, Centria Island TTC Land, Khu du lịch và dịch vụ Cù lao Tân Vạn TTC Land, TTC Plaza Tây Ninh, TTC Plaza Đồng Nai, Dự án Nguyễn Kim TTC Land, TTC Land Đà Nẵng, Nguyễn Kim Đà Nẵng, May Tiến Phát, Thương Tín Tàu Cuốc, Cù lao Tân Vạn TTC Land, Mai Lan TTC Land, Thoại Ngọc Hầu TTC Land, Sacomreal 584, Đại hội đồng cổ đông TTC Land, Đại hội đồng cổ đông SCR,
"
TTC Hospitality MS,641d0a36211afd692899e615,"Michelia Hotel, Khách sạn Michelia, Khách sạn Michelia Nha Trang, Michelia Hotel Nha Trang, TTC hotel - michelia, TTC Hotel - Airport, Khách sạn TTC Airport,Khách sạn TTC Airport, khách sạn sân bay, TTC Hotel DaLat, TTC Hotel Đà Lạt, Khách sạn TTC Hotel Đà Lạt, TTC Resort - Kê Gà, ngành du lịch TTC, du lịch TTC, Thành Thành Công Lâm Đồng, TTC Lam Dong, TTC Lâm Đồng, TTC World Thung lũng Tình yêu, Thung lũng tình yêu, Khách sạn TTC Huế, TTC Imperial, Du lịch TTC, Du lịch Thành Thành Công, Imperial Huế, TTC Hospitality, hệ thống du lịch TTC, tượng nữ thần Tình yêu Đà Lạt, TTC Hotel Ngọc Lan, TTC Hotel Đà Lạt, TTC World Thung Lũng Tình Yêu, TTC Hotel Michelia, TTC Resort Ninh Thuận, TTC Resort Dốc Lết, TTC World Tà Cú, TTC Hotel Phan Thiết, TTC Palace Bình Thuận, TTC Resort Kê Gà, TTC Hotel Cần Thơ, TTC Palace Bến Tre, TTC Nhà Hàng Nổi, Nhà hàng nổi TTC, Nhà hàng nổi TTC Bến Tre, Nhà hàng nổi Bến Tre, TTC Nhà Hàng Đồng Khởi 2, TTC Khu Ẩm Thực Bến Tre, TTC Hotel Hoi An, Imperial Hotel Hue, TTC Hotel Airport, TTC Hotel Angkor, TTC Hotel, TTC Resort, TTC Palace, TTC World, TTC Travel, TTC Angkor, TTC Hội An, TTC Cần Thơ, TTC Phan Thiết, TTC Dốc Lết, TTC Đà Lạt, TTC Ngọc Lan, TTC Michelia, TTC Tà Cú, TTC Ninh Thuận, TTC Bình Thuận, TTC Thung Lũng Tình Yêu, TTC Airport, TTC Bến Tre, TTC Kê Gà, núi Tà Cú, 
TTC Van Phong Bay Resort, Van Phong Bay Resort, TTC Van Phong Bay, Resort Van Phong, Resort Van Phong Bay, Resort Vân Phong, Vân Phong Bay Resort, TTC Mekong Aqua Park, TTC Mekong, công viên nước Bến Tre, Mekong Aqua Park, công viên nước lớn nhất Bến Tre, công viên nước miền Tây, Tiny Zoo, vườn thú mini, vườn thú Bến Tre, Cầu kính Thung lũng Tình yêu, cầu kính TTC, cầu đáy kính, cầu kính 7D, cầu kính 9D, cầu kính Đà Lạt, cầu đáy kính Thung lũng tình yêu, công viên nước Ninh Thuận, ẩm thực TTC, món ngon TTC, Đại hội đồng cổ đông VNG, Đại hội đồng cổ đông Du lịch TTC, Tổng giám đốc TTC Hospitality, Chủ tịch TTC Hospitality, Chủ tịch HĐQT TTC Hospitality, Phan Thị Hồng Vân TTC, "
Toan Hai Van,641d106a211afd692899e617,"Toan Hai Van JSC, Công ty Cổ Phần Toàn Hải Vân, Toàn Hải Vân, Công ty Toàn Hải Vân, THV, Dự án Vịnh Đầm, BĐS nghỉ dưỡng Vịnh duy nhất Phú Quốc, Tổ hợp giải trí-nghỉ dưỡng Vịnh Đầm, ''Nghỉ dưỡng Wellness Selavia'', Khu phức hợp Vịnh Đầm, Vịnh Đầm, Cảng Vịnh Đầm, Cảng container Phú Quốc, TTC Phú Quốc, TTCPQ, TTC PQ, Ocean Lotus Island TTC Phú Quốc, Oean Lotus TTC Phú Quốc, Đảo hoa sen, Bất động sản công nghiệp Phú Quốc, Bất động sản công nghiệp Vịnh Đầm, Bến tàu Du lịch Vịnh Đầm BĐS công nghiệp Phú Quốc, BĐS công nghiệp Vịnh Đầm, Dự án Selavia, Khu phức hợp Selavia, Selashine, Shophouse Selashine, Selavia Phú Quốc, Sen vàng nơi đảo ngọc, Selavia Toàn Hải Vân, Selavia TTC, Selavia Bay, Selavia Hospitality, SelaMoon, ''SelaMoon Restaurant, Nguyễn Quang Triết TTC Phú Quốc, Nguyễn Quang Triết Tổng giám đốc, Huỳnh Bích Ngọc TTC Phú Quốc,"
TTC IMEX MS,641d1345211afd692899e618,"TTC Trading, Thương mại TTC, TTC IMEX, TTC Logistics, ttc imex lamdong, ttcimex mien bac, ttcimex mien trung, ttcimex north, ttcimex central, mật rỉ TTC, Mật rỉ Thành Thành Công, thực phẩm thành thành công, dịch vụ vận chuyển thành thành công, xe bồn ttc, thành ngọc tea, chè Thành Ngọc, trà Thành Ngọc, YuFood, thực phẩm YuFood, ttc imex food, Thành thành công IMEX, ttc imex Lâm Đồng, ttc imex miền bắc, ttc imex miền trung, ttc imex north, ttcimex central, TTC Logistic"
TTC Energy MS,641d14fd211afd692899e619,"TTCE, Năng lượng TTC, Điện mặt trời trên mái, TTC Energy, điện mặt trời lắp mái TTC, năng lượng Thành Thành Công, tấm pin năng lượng mặt trời TTC, 
Công ty điện năng lượng mặt trời TTC, Công ty năng lượng mặt trời TTC, tấm pin quang điện TTC, điện mặt trời mái nhà TTC Energy,  robot vệ sinh pin mặt trời TTC, điện mặt trời áp mái TTC, Dự án điện năng lượng mặt trời TTC, Dịch vụ O&M, Tổng thầu EPC TTC Energy, ESCO TTCE, điện mặt trời áp mái cho doanh nghiệp TTC Energy, tổng thầu EPC TTC, Dịch vụ ESCO TTC, hệ thống pin lưu trữ TTC,  điện mặt trời doanh nghiệp TTC, điện mặt trời cho xí nghiệp TTC, Đặng Huỳnh Anh Tuấn, Đặng Huỳnh Anh Tuấn Chủ tịch TTCE, Đặng Huỳnh Anh Tuấn Chủ tịch TTC Energy, "
Thanh Thanh Nam,6787ba5917118b372de8d851,"Thành Thành Nam, Công ty TTN, Công ty Thành Thành Nam, Công ty Cổ phần Thành Thành Nam,TTN news, TTC Plaza Đức Trọng, TTC Plaza Đồng Nai, TTC Plaza Tây Ninh, TTC Tower, Tòa nhà TTC, TTC Tower Bến Tre, TTC Bến tre, TTC Đồng Nai, TTC Đức Trọng, TTC Tây Ninh,Tadimex, TTN Tea, Thành Ngọc Tea, Chè Thành Ngọc, Công ty Chè Thành Ngọc, trà Thành Ngọc, Công ty Cổ phần Chè Thành Ngọc,TTC Tea, ttctea, TTN"
TTC IR,641d180d211afd692899e61a,"Bất động sản khu công nghiệp TTC, Bất động sản công nghiệp TTC, Bất động sản khu công nghiệp Thành Thành Công, Bất động sản công nghiệp Thành Thành Công, Đỗ Huy Hiệp TTCIZ, Nguyễn Thành Chương TTCIZ, TTCIR, Bất động sản khu công nghiệp TTC Land, Bất động sản công nghiệp TTC Land, khu công nghiệp Sóng Thần TTC, Dang Huynh Industrial Zones, Công ty Khai thác và Quản lý Khu công nghiệp Đặng Huỳnh, Đặng Huỳnh, Kho Đặng Huỳnh, KCN Đặng Huỳnh, Khu công nghiệp Tân Kim Mở Rộng, cho thuê kho TTC, cho thuê kho chứa hàng TTC, Cho thuê kho bãi TTC, TTCIZ, TTC IZ, Khu công nghiệp Thành Thành Công, khu công nghiệp Tân Hội, Khu công nghiệp Tân Kim mở rộng, KCN Thanh Thanh Cong Tay Ninh, KCN Thành Thành Công, Cong ty co phan khu cong nghiep thanh thanh cong, Công ty cổ phần khu công nghiệp thành thành công, TTC INDUSTRIAL ZONE, ttc industrial zone, KCN Tây Ninh TTC, Khu Công nghiệp Tây Ninh TTC"
Ngành giáo dục TTC MS,64829f1739627c636da2c253,"Trường Đại học Yersin Đà Lạt, Đại học Yersin, Trường THPT Yersin, trường trung học phổ thông Yersin Đà Lạt, ngành giáo dục TTC, ngành giáo dục thành thành công, Viện nghiên cứu và đào tạo Quốc tế TTC, Viện IRT: viện IRT TTC, Trường đại học Yersin Đà Lạt Lâm Đồng, đại học, ĐH"
DHA,641d1c16211afd692899e61d,"Công ty Cổ phần y tế DHA, DHA Healthcare, Phòng khám DHA Healthcare, Phòng khám DHA, Tập đoàn DHA, dha corporation, Công ty Đầu tư DHA, dha invest, DHA Investments Group, DHA GoTRUST, trợ lý sức khỏe thông minh AI.CARE, DHA Healthcare Clinic, khám sức khỏe DHA, DHA Beauty Clinic, thẩm mỹ DHA, DHA Healthcare Kids, phòng khám da liễu DHA Beauty Clinic, bác sĩ DHA Beauty Clinic, DHA Healthcare chăm sóc như người thân, Phòng khám 221-221Bis Nguyễn Thị Minh Khai, phòng khám 221 Nguyễn Thị Minh Khai, phòng khám 221Bis Nguyễn Thị Minh Khai, Khu công viên giải trí D-Joy, Tổ hợp vui chơi giải trí D-Joy, Dự án D One Saigon, D-One, Trung tâm phức hợp 12 Phan Văn Trị, dự án D-one, DHA GOLFZON, D-play, D play tổ hợp vui chơi, giải trí, dự án DHA, Đặng Quang Anh D-Joy, Đặng Anh Anh Pickleball, Pickleball D-Joy, team D-joy, team djoy, Pickleball Thủ Thiêm, Pickleball team D-Joy, D-play, D-Joy,"
TTC Khác MS,641d1b6f211afd692899e61c,"betrimex, nước dừa cocoxim, sữa dừa cocoxim, xuất nhập khẩu bến tre, công ty betrimex, Công ty Đại Tín, Thép Đại Tín, Thành Thành Nam, Tadimex, Công ty Thành Thành Nam, nhóm chia sẻ -sharing, nhóm chia sẻ, huỳnh bích ngọc sharing"
Bất động sản MS,6486ce4639627c636da2c267,Bất động sản
Bất động sản công nghiệp MS,6486cfd739627c636da2c268,"Bất động sản công nghiệp, khu công nghiệp, công nghiệp, cụm công nghiệp"
Năng lượng MS,6486d1d139627c636da2c269,"Điện khí, điện gió, điện hạt nhân, năng lượng tái tạo, năng lượng xanh"
Nông nghiệp MS,6486d30b39627c636da2c26a,nông nghiệp
Du lịch MS,6486d3ad39627c636da2c26b,du lịch
Giáo dục MS,6486d46239627c636da2c26c,giáo dục